{"cameraMode":{"drawMode":0,"name":"Shaded","section":"Shading Mode"},"sceneLighting":true,"audioPlay":false,"sceneViewState":{"m_AlwaysRefresh":false,"showFog":true,"showSkybox":true,"showFlares":true,"showImageEffects":true,"showParticleSystems":true,"showVisualEffectGraphs":true,"m_FxEnabled":true},"in2DMode":false,"pivot":{"x":36.27318572998047,"y":516.0172119140625,"z":-148.36578369140626},"rotation":{"x":0.5167579650878906,"y":-0.03779426962137222,"z":0.024268241599202157,"w":0.8551622629165649},"size":173.2093505859375,"orthographic":false}