{"cameraMode":{"drawMode":0,"name":"Shaded","section":"Shading Mode"},"sceneLighting":false,"audioPlay":false,"sceneViewState":{"m_AlwaysRefresh":false,"showFog":true,"showSkybox":false,"showFlares":true,"showImageEffects":true,"showParticleSystems":true,"showVisualEffectGraphs":true,"m_FxEnabled":true},"in2DMode":false,"pivot":{"x":-2.926685333251953,"y":0.0697723776102066,"z":3.6781294345855715},"rotation":{"x":-0.03238314762711525,"y":0.8194293975830078,"z":-0.046525292098522189,"w":-0.5703921318054199},"size":2.6349806785583498,"orthographic":false}