{"cameraMode":{"drawMode":0,"name":"Shaded","section":"Shading Mode"},"sceneLighting":true,"audioPlay":false,"sceneViewState":{"m_AlwaysRefresh":false,"showFog":true,"showSkybox":false,"showFlares":true,"showImageEffects":true,"showParticleSystems":true,"showVisualEffectGraphs":true,"m_FxEnabled":true},"in2DMode":false,"pivot":{"x":-19.041587829589845,"y":-12.048182487487793,"z":-14.06737232208252},"rotation":{"x":0.11208590865135193,"y":-0.8563203811645508,"z":0.2093011736869812,"w":0.45860978960990908},"size":16.085344314575197,"orthographic":false}