{"cameraMode":{"drawMode":0,"name":"Shaded","section":"Shading Mode"},"sceneLighting":true,"audioPlay":false,"sceneViewState":{"m_AlwaysRefresh":false,"showFog":true,"showSkybox":false,"showFlares":true,"showImageEffects":true,"showParticleSystems":true,"showVisualEffectGraphs":true,"m_FxEnabled":true},"in2DMode":false,"pivot":{"x":-0.661907970905304,"y":-0.9249823689460754,"z":0.04456564038991928},"rotation":{"x":0.15414172410964967,"y":-0.8408014178276062,"z":0.3133324086666107,"w":0.41363295912742617},"size":2.4696712493896486,"orthographic":false}